Age_band_of_driver,Sex_of_driver,Educational_level,Vehicle_driver_relation,Driving_experience,Lanes_or_Medians,Types_of_Junction,Road_surface_type,Light_conditions,Weather_conditions,Type_of_collision,Vehicle_movement,Pedestrian_movement,Cause_of_accident,Accident_severity
Under 18,Male,Junior high school,Owner,1-2yr,Undivided Two way,Y Shape,Asphalt roads,Darkness - lights lit,Other,Vehicle with vehicle collision,Going straight,Unknown or other,No distancing,Serious Injury
31-50,Male,Junior high school,Owner,2-5yr,Two-way (divided with broken lines road marking),Y Shape,Earth roads,Darkness - lights lit,Other,Collision with roadside objects,Other,Not a Pedestrian,Changing lane to the right,Serious Injury
Under 18,Male,Unknown,Owner,5-10yr,Double carriageway (median),Y Shape,Asphalt roads,Darkness - lights lit,Other,Rollover,Going straight,Not a Pedestrian,Driving carelessly,Serious Injury
18-30,Male,Unknown,Owner,Above 10yr,Undivided Two way,Y Shape,Asphalt roads,Darkness - lights lit,Unknown,Vehicle with vehicle collision,Going straight,Not a Pedestrian,Driving carelessly,Slight Injury
18-30,Male,Junior high school,Owner,2-5yr,Two-way (divided with broken lines road marking),Y Shape,Asphalt roads,Darkness - lights lit,Unknown,Collision with pedestrians,Going straight,Unknown or other,Changing lane to the right,Slight Injury
Unknown,Female,Elementary school,Owner,Above 10yr,other,Y Shape,Asphalt roads,Daylight,Unknown,Vehicle with vehicle collision,Going straight,Not a Pedestrian,Overturning,Slight Injury
Unknown,Male,Writing & reading,Owner,5-10yr,Two-way (divided with broken lines road marking),Y Shape,Asphalt roads,Darkness - lights lit,Snow,Vehicle with vehicle collision,Going straight,Not a Pedestrian,Changing lane to the right,Slight Injury
Unknown,Female,Junior high school,Owner,5-10yr,Undivided Two way,Y Shape,Asphalt roads,Daylight,Normal,Collision with pedestrians,Other,Not a Pedestrian,No distancing,Slight Injury
31-50,Male,Junior high school,Owner,Below 1yr,One way,Y Shape,Asphalt roads,Daylight,Normal,Vehicle with vehicle collision,Going straight,Unknown or other,Overturning,Slight Injury
Unknown,Male,Junior high school,Owner,2-5yr,other,Y Shape,Asphalt roads,Daylight,Other,Vehicle with vehicle collision,Going straight,Unknown or other,Driving carelessly,Slight Injury
31-50,Male,Elementary school,Employee,2-5yr,Double carriageway (median),Y Shape,Asphalt roads,Daylight,Other,Vehicle with vehicle collision,Going straight,Crossing from nearside - masked by parked or statioNot a Pedestrianry vehicle,Changing lane to the right,Slight Injury
31-50,Male,Junior high school,Employee,2-5yr,other,No junction,Asphalt roads,Darkness - lights lit,Normal,Vehicle with vehicle collision,Going straight,Not a Pedestrian,Driving at high speed,Slight Injury
Unknown,Male,Junior high school,Employee,2-5yr,Two-way (divided with broken lines road marking),No junction,Asphalt roads,Darkness - lights lit,Normal,Vehicle with vehicle collision,Going straight,Not a Pedestrian,Changing lane to the left,Slight Injury
Unknown,Male,Junior high school,Employee,5-10yr,One way,No junction,Asphalt roads,Darkness - lights lit,Normal,Collision with roadside objects,Going straight,Not a Pedestrian,Driving carelessly,Slight Injury
Unknown,Male,Junior high school,Employee,5-10yr,Undivided Two way,No junction,Asphalt roads,Darkness - lights lit,Normal,Vehicle with vehicle collision,Going straight,Not a Pedestrian,No distancing,Slight Injury
18-30,Male,Junior high school,Employee,Above 10yr,other,No junction,Asphalt roads,Daylight,Raining,Vehicle with vehicle collision,Going straight,Not a Pedestrian,Moving Backward,Slight Injury
18-30,Male,Elementary school,Employee,5-10yr,Undivided Two way,No junction,Earth roads,Daylight,Raining,Vehicle with vehicle collision,Going straight,Not a Pedestrian,No priority to pedestrian,Slight Injury
31-50,Male,Junior high school,Employee,5-10yr,Double carriageway (median),Other,Asphalt roads,Darkness - lights lit,Snow,Vehicle with vehicle collision,Moving Backward,Not a Pedestrian,Moving Backward,Slight Injury
Over 51,Male,Junior high school,Owner,5-10yr,Two-way (divided with broken lines road marking),No junction,Asphalt roads,Daylight,Raining,Vehicle with vehicle collision,Other,Not a Pedestrian,Drunk driving,Slight Injury
31-50,Male,Junior high school,Employee,5-10yr,Two-way (divided with broken lines road marking),Other,Asphalt roads,Daylight,Normal,Vehicle with vehicle collision,Other,Not a Pedestrian,Changing lane to the right,Slight Injury
31-50,Male,Junior high school,Employee,Below 1yr,Double carriageway (median),Other,Asphalt roads,Daylight,Normal,Vehicle with vehicle collision,Going straight,Not a Pedestrian,Driving carelessly,Slight Injury
31-50,Male,Junior high school,Employee,5-10yr,Undivided Two way,No junction,Asphalt roads,Daylight,Normal,Vehicle with vehicle collision,Other,Not a Pedestrian,Changing lane to the right,Slight Injury
Unknown,Male,Junior high school,Employee,5-10yr,One way,No junction,Asphalt roads,Daylight,Normal,Vehicle with vehicle collision,Other,Not a Pedestrian,Changing lane to the right,Slight Injury
Over 51,Male,Junior high school,Employee,Above 10yr,Undivided Two way,No junction,Asphalt roads,Daylight,Normal,Vehicle with vehicle collision,Going straight,Not a Pedestrian,Driving carelessly,Slight Injury
Unknown,Male,High school,Employee,Above 10yr,Two-way (divided with broken lines road marking),Crossing,Asphalt roads,Daylight,Normal,Vehicle with vehicle collision,Reversing,Not a Pedestrian,Changing lane to the left,Slight Injury
18-30,Male,Junior high school,Employee,Above 10yr,Two-way (divided with broken lines road marking),Y Shape,Gravel roads,Daylight,Normal,Vehicle with vehicle collision,Other,Not a Pedestrian,No priority to vehicle,Slight Injury
31-50,Male,Junior high school,Employee,Above 10yr,Undivided Two way,Y Shape,Asphalt roads,Daylight,Normal,Collision with roadside objects,Turnover,Not a Pedestrian,Driving carelessly,Slight Injury
31-50,Male,Junior high school,Employee,Above 10yr,Double carriageway (median),Y Shape,Asphalt roads,Daylight,Normal,Vehicle with vehicle collision,Going straight,Not a Pedestrian,Changing lane to the right,Serious Injury
31-50,Male,Junior high school,Employee,Above 10yr,Two-way (divided with broken lines road marking),Y Shape,Asphalt roads,Darkness - lights lit,Normal,Vehicle with vehicle collision,Going straight,Not a Pedestrian,Driving carelessly,Slight Injury
31-50,Male,Junior high school,Employee,5-10yr,Two-way (divided with broken lines road marking),T Shape,Asphalt roads,Darkness - lights lit,Normal,Vehicle with vehicle collision,Going straight,Not a Pedestrian,Driving under the influence of drugs,Slight Injury
31-50,Male,Junior high school,Employee,2-5yr,Two-way (divided with broken lines road marking),T Shape,Asphalt roads,Darkness - lights lit,Normal,Vehicle with vehicle collision,Going straight,Not a Pedestrian,No distancing,Slight Injury
18-30,Male,Junior high school,Employee,Below 1yr,Two-way (divided with broken lines road marking),Y Shape,Asphalt roads,Darkness - lights lit,Normal,Collision with pedestrians,Going straight,Not a Pedestrian,Changing lane to the left,Serious Injury
31-50,Male,Junior high school,Employee,Below 1yr,Two-way (divided with broken lines road marking),Y Shape,Asphalt roads,Darkness - lights lit,Normal,Vehicle with vehicle collision,Going straight,Not a Pedestrian,No priority to vehicle,Serious Injury
Unknown,Female,Junior high school,Employee,2-5yr,Undivided Two way,Y Shape,Asphalt roads,Daylight,Normal,Vehicle with vehicle collision,Going straight,"In carriageway, statioNot a Pedestrianry - not crossing  (standing or playing)",Moving Backward,Slight Injury
31-50,Male,Elementary school,Employee,Below 1yr,other,Y Shape,Asphalt roads,Daylight,Cloudy,Vehicle with vehicle collision,Going straight,Crossing from nearside - masked by parked or statioNot a Pedestrianry vehicle,Moving Backward,Serious Injury
18-30,Male,Junior high school,Employee,Below 1yr,Two-way (divided with broken lines road marking),Y Shape,Asphalt roads,Daylight,Cloudy,Vehicle with vehicle collision,Going straight,Not a Pedestrian,No distancing,Serious Injury
Unknown,Male,Writing & reading,Employee,Below 1yr,One way,No junction,Asphalt roads,Darkness - lights lit,Normal,Vehicle with vehicle collision,Going straight,Not a Pedestrian,Moving Backward,Slight Injury
31-50,Male,Junior high school,Employee,Below 1yr,Two-way (divided with broken lines road marking),Y Shape,Asphalt roads,Daylight,Unknown,Vehicle with vehicle collision,Moving Backward,Not a Pedestrian,Driving carelessly,Slight Injury
18-30,Male,Junior high school,Employee,1-2yr,Undivided Two way,Y Shape,Asphalt roads,Daylight,Unknown,Collision with pedestrians,Going straight,Unknown or other,Driving under the influence of drugs,Slight Injury
Unknown,Male,Elementary school,Employee,Above 10yr,Undivided Two way,No junction,Asphalt roads,Daylight,Other,Vehicle with vehicle collision,Moving Backward,Unknown or other,No distancing,Serious Injury
31-50,Male,Elementary school,Employee,Above 10yr,other,No junction,Asphalt roads,Darkness - lights lit,Normal,Vehicle with vehicle collision,Other,Not a Pedestrian,No distancing,Slight Injury
18-30,Male,Elementary school,Employee,Below 1yr,Two-way (divided with broken lines road marking),No junction,Other,Darkness - lights lit,Normal,Vehicle with vehicle collision,Going straight,Not a Pedestrian,No priority to vehicle,Slight Injury
18-30,Male,Junior high school,Employee,2-5yr,Two-way (divided with broken lines road marking),Crossing,Asphalt roads,Darkness - lights lit,Normal,Collision with roadside objects,Going straight,Not a Pedestrian,No priority to vehicle,Slight Injury
31-50,Male,Above high school,Employee,Above 10yr,Two-way (divided with broken lines road marking),Crossing,Asphalt roads,Darkness - lights lit,Normal,Vehicle with vehicle collision,Other,Not a Pedestrian,No priority to vehicle,Slight Injury
18-30,Male,Junior high school,Employee,2-5yr,Undivided Two way,Crossing,Asphalt roads,Darkness - lights lit,Normal,Vehicle with vehicle collision,Other,Not a Pedestrian,No priority to vehicle,Slight Injury
Over 51,Male,High school,Employee,1-2yr,Two-way (divided with broken lines road marking),Y Shape,Asphalt roads,Daylight,Normal,Vehicle with vehicle collision,Stopping,Not a Pedestrian,Moving Backward,Slight Injury
Over 51,Male,Junior high school,Employee,5-10yr,Two-way (divided with broken lines road marking),Crossing,Asphalt roads,Daylight,Normal,Vehicle with vehicle collision,Other,Not a Pedestrian,Changing lane to the right,Slight Injury
18-30,Male,Junior high school,Employee,Below 1yr,Double carriageway (median),Crossing,Other,Daylight,Normal,Vehicle with vehicle collision,Other,Not a Pedestrian,Driving carelessly,Slight Injury
Unknown,Male,Junior high school,Employee,Below 1yr,Two-way (divided with broken lines road marking),Crossing,Asphalt roads,Daylight,Normal,Vehicle with vehicle collision,Other,Not a Pedestrian,Changing lane to the left,Slight Injury
Unknown,Male,Junior high school,Employee,Below 1yr,Two-way (divided with broken lines road marking),No junction,Asphalt roads,Daylight,Normal,Vehicle with vehicle collision,Going straight,Crossing from nearside - masked by parked or statioNot a Pedestrianry vehicle,Changing lane to the right,Slight Injury
31-50,Male,Junior high school,Employee,1-2yr,Double carriageway (median),No junction,Asphalt roads,Daylight,Normal,Vehicle with vehicle collision,Going straight,Not a Pedestrian,Driving under the influence of drugs,Slight Injury
18-30,Male,Elementary school,Employee,2-5yr,Two-way (divided with broken lines road marking),Y Shape,Asphalt roads,Daylight,Normal,Vehicle with vehicle collision,Going straight,Not a Pedestrian,No distancing,Slight Injury
31-50,Male,High school,Employee,1-2yr,Two-way (divided with broken lines road marking),Y Shape,Asphalt roads,Daylight,Normal,Vehicle with vehicle collision,Going straight,Not a Pedestrian,Overturning,Slight Injury
Under 18,Male,Junior high school,Employee,5-10yr,other,No junction,Asphalt roads,Darkness - lights lit,Normal,Rollover,Going straight,Not a Pedestrian,No distancing,Serious Injury
Unknown,Female,Junior high school,Employee,Below 1yr,Undivided Two way,No junction,Asphalt roads,Darkness - lights lit,Normal,Vehicle with vehicle collision,Going straight,Not a Pedestrian,Changing lane to the right,Serious Injury
Unknown,Female,Elementary school,Owner,5-10yr,Undivided Two way,No junction,Other,Darkness - lights lit,Normal,Collision with roadside objects,Going straight,Unknown or other,Changing lane to the right,Serious Injury
18-30,Male,Elementary school,Employee,Below 1yr,Two-way (divided with broken lines road marking),Y Shape,Asphalt roads,Daylight,Raining,Vehicle with vehicle collision,Going straight,Not a Pedestrian,Changing lane to the left,Slight Injury
Over 51,Male,Junior high school,Employee,5-10yr,Undivided Two way,Y Shape,Asphalt roads,Daylight,Raining,Vehicle with vehicle collision,Going straight,Not a Pedestrian,No distancing,Slight Injury
18-30,Male,Elementary school,Owner,5-10yr,Two-way (divided with broken lines road marking),Y Shape,Asphalt roads,Daylight,Raining,Vehicle with vehicle collision,Reversing,Not a Pedestrian,No priority to pedestrian,Slight Injury
Unknown,Male,Junior high school,Employee,2-5yr,Undivided Two way,No junction,Asphalt roads,Darkness - lights lit,Normal,Collision with roadside objects,Going straight,Not a Pedestrian,Driving carelessly,Slight Injury
Unknown,Male,Junior high school,Employee,Above 10yr,Two-way (divided with broken lines road marking),No junction,Asphalt roads with some distress,Darkness - lights lit,Normal,Collision with roadside objects,Other,Not a Pedestrian,No distancing,Slight Injury
31-50,Male,High school,Employee,1-2yr,Two-way (divided with broken lines road marking),Y Shape,Asphalt roads,Daylight,Normal,Vehicle with vehicle collision,Getting off,Not a Pedestrian,Driving carelessly,Slight Injury
Unknown,Male,Elementary school,Employee,5-10yr,Undivided Two way,Y Shape,Asphalt roads,Daylight,Normal,Collision with roadside objects,Going straight,Not a Pedestrian,Moving Backward,Slight Injury
Unknown,Female,Elementary school,Employee,2-5yr,Undivided Two way,No junction,Asphalt roads,Darkness - lights lit,Normal,Collision with roadside objects,Going straight,Not a Pedestrian,Overtaking,Slight Injury
18-30,Male,Junior high school,Employee,Below 1yr,other,No junction,Earth roads,Darkness - lights lit,Normal,Vehicle with vehicle collision,Going straight,Not a Pedestrian,No priority to vehicle,Slight Injury
Unknown,Female,Junior high school,Employee,5-10yr,Undivided Two way,No junction,Asphalt roads,Daylight,Normal,Vehicle with vehicle collision,Turnover,Not a Pedestrian,Changing lane to the left,Slight Injury
31-50,Male,Junior high school,Owner,5-10yr,Two-way (divided with solid lines road marking),No junction,Asphalt roads,Daylight,Normal,Collision with roadside objects,Entering a junction,Not a Pedestrian,No priority to vehicle,Slight Injury
31-50,Male,Elementary school,Employee,1-2yr,Two-way (divided with solid lines road marking),Y Shape,Asphalt roads,Darkness - lights lit,Normal,Vehicle with vehicle collision,Entering a junction,Not a Pedestrian,No distancing,Slight Injury
31-50,Male,Elementary school,Employee,Above 10yr,Two-way (divided with solid lines road marking),Y Shape,Asphalt roads,Darkness - lights lit,Normal,Vehicle with vehicle collision,Entering a junction,Not a Pedestrian,Changing lane to the right,Slight Injury
18-30,Male,Junior high school,Owner,1-2yr,Two-way (divided with broken lines road marking),Y Shape,Asphalt roads,Darkness - lights lit,Normal,Rollover,Other,Not a Pedestrian,No distancing,Slight Injury
Unknown,Female,Junior high school,Employee,Above 10yr,Undivided Two way,Y Shape,Asphalt roads,Daylight,Raining,Vehicle with vehicle collision,Turnover,Not a Pedestrian,No distancing,Slight Injury
Unknown,Female,Elementary school,Owner,2-5yr,other,Y Shape,Asphalt roads,Daylight,Raining,Collision with pedestrians,Entering a junction,Not a Pedestrian,Changing lane to the left,Slight Injury
Unknown,Female,Junior high school,Employee,5-10yr,Undivided Two way,Y Shape,Asphalt roads,Darkness - lights lit,Raining,Vehicle with vehicle collision,Entering a junction,Not a Pedestrian,Driving under the influence of drugs,Slight Injury
31-50,Male,Junior high school,Employee,Below 1yr,Two-way (divided with broken lines road marking),Y Shape,Asphalt roads,Darkness - lights lit,Raining,Vehicle with vehicle collision,Entering a junction,Not a Pedestrian,No distancing,Slight Injury
18-30,Male,Junior high school,Employee,5-10yr,Undivided Two way,Y Shape,Gravel roads,Darkness - lights lit,Raining,Vehicle with vehicle collision,Entering a junction,Crossing from nearside - masked by parked or statioNot a Pedestrianry vehicle,No distancing,Slight Injury
18-30,Male,High school,Employee,Above 10yr,Undivided Two way,Y Shape,Asphalt roads,Daylight,Normal,Vehicle with vehicle collision,Entering a junction,Not a Pedestrian,Changing lane to the right,Slight Injury
18-30,Male,Junior high school,Employee,5-10yr,One way,Y Shape,Asphalt roads,Darkness - lights lit,Normal,Collision with roadside objects,Other,Not a Pedestrian,Changing lane to the left,Serious Injury
18-30,Male,Elementary school,Employee,1-2yr,Two-way (divided with broken lines road marking),No junction,Asphalt roads,Daylight,Normal,Vehicle with vehicle collision,Going straight,Crossing from nearside - masked by parked or statioNot a Pedestrianry vehicle,Moving Backward,Serious Injury
18-30,Male,Elementary school,Employee,1-2yr,Two-way (divided with broken lines road marking),No junction,Asphalt roads,Darkness - lights lit,Normal,Vehicle with vehicle collision,Other,Not a Pedestrian,No distancing,Slight Injury
Under 18,Male,Junior high school,Owner,1-2yr,other,Y Shape,Asphalt roads,Darkness - lights lit,Normal,Vehicle with vehicle collision,Going straight,Not a Pedestrian,Driving carelessly,Fatal injury
Unknown,Female,Above high school,Owner,1-2yr,Undivided Two way,Y Shape,Asphalt roads,Darkness - lights lit,Normal,Collision with roadside objects,Going straight,Not a Pedestrian,Moving Backward,Fatal injury
18-30,Male,Junior high school,Owner,5-10yr,One way,Y Shape,Asphalt roads,Darkness - lights lit,Normal,Vehicle with vehicle collision,Going straight,Not a Pedestrian,No distancing,Fatal injury
18-30,Male,Junior high school,Employee,5-10yr,Undivided Two way,Crossing,Asphalt roads,Daylight,Raining,Collision with roadside objects,Going straight,Not a Pedestrian,Changing lane to the right,Slight Injury
31-50,Male,Elementary school,Employee,5-10yr,Undivided Two way,Crossing,Asphalt roads,Daylight,Raining,Vehicle with vehicle collision,Going straight,Crossing from nearside - masked by parked or statioNot a Pedestrianry vehicle,Driving carelessly,Slight Injury
18-30,Male,High school,Owner,Below 1yr,One way,No junction,Asphalt roads,Darkness - no lighting,Normal,Rollover,Reversing,Not a Pedestrian,Driving to the left,Slight Injury
Unknown,Female,Junior high school,Employee,Above 10yr,Undivided Two way,Y Shape,Asphalt roads,Darkness - lights lit,Normal,Vehicle with vehicle collision,Moving Backward,Not a Pedestrian,Changing lane to the right,Slight Injury
18-30,Male,Junior high school,Employee,5-10yr,Two-way (divided with broken lines road marking),Y Shape,Asphalt roads,Daylight,Unknown,Vehicle with vehicle collision,Overtaking,Crossing from nearside - masked by parked or statioNot a Pedestrianry vehicle,Driving carelessly,Serious Injury
31-50,Male,Junior high school,Employee,Below 1yr,Two-way (divided with broken lines road marking),Y Shape,Asphalt roads,Daylight,Unknown,Vehicle with vehicle collision,Going straight,Not a Pedestrian,Changing lane to the right,Serious Injury
18-30,Male,Junior high school,Employee,Above 10yr,other,Y Shape,Asphalt roads,Darkness - lights lit,Normal,Vehicle with vehicle collision,Going straight,Not a Pedestrian,No priority to vehicle,Serious Injury
18-30,Male,Junior high school,Employee,5-10yr,Double carriageway (median),Y Shape,Asphalt roads,Darkness - lights lit,Normal,Vehicle with vehicle collision,Going straight,"In carriageway, statioNot a Pedestrianry - not crossing  (standing or playing)",Changing lane to the right,Serious Injury
Unknown,Female,Junior high school,Owner,Above 10yr,Two-way (divided with broken lines road marking),Y Shape,Asphalt roads,Daylight,Unknown,Collision with pedestrians,Going straight,Crossing from nearside - masked by parked or statioNot a Pedestrianry vehicle,Turnover,Slight Injury
Unknown,Male,Junior high school,Employee,5-10yr,Double carriageway (median),No junction,Asphalt roads,Daylight,Unknown,Rollover,Going straight,Not a Pedestrian,No priority to vehicle,Slight Injury
31-50,Male,Junior high school,Employee,1-2yr,Double carriageway (median),No junction,Asphalt roads,Daylight,Unknown,Vehicle with vehicle collision,Going straight,Not a Pedestrian,Driving at high speed,Slight Injury
31-50,Male,Junior high school,Employee,1-2yr,Double carriageway (median),No junction,Asphalt roads,Daylight,Normal,Rollover,Going straight,Not a Pedestrian,No distancing,Slight Injury
18-30,Male,Junior high school,Employee,1-2yr,Two-way (divided with broken lines road marking),No junction,Asphalt roads,Daylight,Normal,Vehicle with vehicle collision,Reversing,Not a Pedestrian,No distancing,Slight Injury
Under 18,Male,Elementary school,Employee,2-5yr,Undivided Two way,Crossing,Asphalt roads,Darkness - lights lit,Normal,Fall from vehicles,Other,Not a Pedestrian,Moving Backward,Slight Injury
Unknown,Female,High school,Employee,2-5yr,Two-way (divided with broken lines road marking),No junction,Asphalt roads,Daylight,Normal,Collision with roadside objects,Turnover,Not a Pedestrian,Changing lane to the right,Slight Injury
Under 18,Male,Junior high school,Other,No Licence,Two-way (divided with broken lines road marking),No junction,Asphalt roads,Daylight,Normal,Vehicle with vehicle collision,Going straight,Not a Pedestrian,Overtaking,Slight Injury
Under 18,Male,Junior high school,Employee,1-2yr,Two-way (divided with broken lines road marking),No junction,Asphalt roads,Daylight,Normal,Vehicle with vehicle collision,Going straight,Crossing from nearside - masked by parked or statioNot a Pedestrianry vehicle,No distancing,Slight Injury
18-30,Male,Junior high school,Owner,5-10yr,Two-way (divided with broken lines road marking),No junction,Asphalt roads,Daylight,Normal,Vehicle with vehicle collision,Going straight,Not a Pedestrian,Overtaking,Slight Injury
Unknown,Female,Junior high school,Employee,1-2yr,Undivided Two way,Y Shape,Asphalt roads,Darkness - lights lit,Raining,Collision with pedestrians,Going straight,Not a Pedestrian,Moving Backward,Serious Injury
18-30,Male,Junior high school,Employee,Above 10yr,Undivided Two way,Y Shape,Asphalt roads,Darkness - lights lit,Raining,Vehicle with vehicle collision,Going straight,Not a Pedestrian,No distancing,Serious Injury
Unknown,Male,Junior high school,Employee,1-2yr,Two-way (divided with broken lines road marking),Y Shape,Asphalt roads,Daylight,Normal,Vehicle with vehicle collision,Going straight,Not a Pedestrian,No priority to vehicle,Slight Injury
Over 51,Male,Junior high school,Employee,2-5yr,Two-way (divided with broken lines road marking),No junction,Asphalt roads,Daylight,Normal,Rollover,Going straight,Not a Pedestrian,No priority to vehicle,Slight Injury
31-50,Male,High school,Employee,1-2yr,Undivided Two way,No junction,Asphalt roads,Daylight,Normal,Collision with roadside objects,Getting off,Not a Pedestrian,Changing lane to the left,Slight Injury
Over 51,Male,Junior high school,Employee,1-2yr,Double carriageway (median),Y Shape,Other,Daylight,Normal,Vehicle with vehicle collision,Getting off,Not a Pedestrian,No distancing,Slight Injury
31-50,Male,Elementary school,Employee,Above 10yr,Two-way (divided with broken lines road marking),Y Shape,Asphalt roads,Daylight,Normal,Vehicle with vehicle collision,Getting off,Not a Pedestrian,Driving under the influence of drugs,Slight Injury
18-30,Male,Junior high school,Employee,Above 10yr,Undivided Two way,Y Shape,Asphalt roads,Daylight,Normal,Collision with roadside objects,Moving Backward,Not a Pedestrian,Changing lane to the left,Slight Injury
18-30,Male,Elementary school,Employee,Above 10yr,other,Y Shape,Asphalt roads,Daylight,Normal,Vehicle with vehicle collision,Going straight,Crossing from nearside - masked by parked or statioNot a Pedestrianry vehicle,Changing lane to the right,Slight Injury
18-30,Male,Junior high school,Employee,Above 10yr,Undivided Two way,Y Shape,Asphalt roads,Daylight,Normal,Vehicle with vehicle collision,Going straight,Not a Pedestrian,Driving to the left,Slight Injury
31-50,Male,Junior high school,Employee,1-2yr,Undivided Two way,Y Shape,Asphalt roads,Daylight,Normal,Vehicle with vehicle collision,Waiting to go,Not a Pedestrian,Driving at high speed,Slight Injury
Unknown,Male,Junior high school,Employee,5-10yr,Undivided Two way,Crossing,Asphalt roads,Daylight,Normal,Rollover,Going straight,Not a Pedestrian,Overtaking,Slight Injury
31-50,Male,High school,Owner,2-5yr,One way,No junction,Asphalt roads,Daylight,Cloudy,Rollover,Other,Not a Pedestrian,Changing lane to the right,Slight Injury
Unknown,Male,Junior high school,Employee,2-5yr,Undivided Two way,Crossing,Asphalt roads,Daylight,Normal,Collision with pedestrians,Going straight,Not a Pedestrian,Changing lane to the right,Slight Injury
Unknown,Male,Junior high school,Employee,5-10yr,Undivided Two way,No junction,Asphalt roads,Daylight,Normal,Vehicle with vehicle collision,Going straight,Not a Pedestrian,Moving Backward,Slight Injury
18-30,Male,Junior high school,Employee,5-10yr,Double carriageway (median),No junction,Other,Daylight,Normal,Vehicle with vehicle collision,Going straight,Not a Pedestrian,Moving Backward,Slight Injury
Under 18,Male,Junior high school,Employee,2-5yr,Two-way (divided with solid lines road marking),No junction,Asphalt roads,Daylight,Unknown,Vehicle with vehicle collision,Going straight,Unknown or other,Changing lane to the left,Slight Injury
Unknown,Female,High school,Employee,Above 10yr,other,No junction,Asphalt roads,Daylight,Unknown,Collision with pedestrians,Overtaking,Not a Pedestrian,Moving Backward,Slight Injury
18-30,Male,Junior high school,Employee,Above 10yr,other,No junction,Asphalt roads,Daylight,Normal,Vehicle with vehicle collision,Going straight,Crossing from nearside - masked by parked or statioNot a Pedestrianry vehicle,Moving Backward,Serious Injury
18-30,Male,Writing & reading,Employee,2-5yr,other,No junction,Asphalt roads,Darkness - no lighting,Normal,Vehicle with vehicle collision,Going straight,Not a Pedestrian,Changing lane to the right,Serious Injury
18-30,Male,Junior high school,Employee,2-5yr,other,No junction,Asphalt roads,Darkness - no lighting,Normal,Vehicle with vehicle collision,Turnover,Not a Pedestrian,Changing lane to the left,Serious Injury
Under 18,Male,High school,Employee,2-5yr,other,Crossing,Earth roads,Darkness - lights lit,Other,Collision with roadside objects,Going straight,Crossing from nearside - masked by parked or statioNot a Pedestrianry vehicle,No priority to vehicle,Slight Injury
18-30,Male,Junior high school,Employee,1-2yr,One way,Crossing,Asphalt roads,Darkness - lights lit,Other,Vehicle with vehicle collision,Going straight,Crossing from driver's nearside,No distancing,Slight Injury
18-30,Male,High school,Employee,5-10yr,Two-way (divided with broken lines road marking),Crossing,Asphalt roads,Darkness - lights lit,Other,Collision with roadside objects,Getting off,Not a Pedestrian,No priority to vehicle,Slight Injury
Unknown,Male,Elementary school,Employee,2-5yr,other,No junction,Asphalt roads,Daylight,Normal,Vehicle with vehicle collision,Moving Backward,Not a Pedestrian,Driving under the influence of drugs,Slight Injury
31-50,Male,Junior high school,Employee,1-2yr,Undivided Two way,No junction,Asphalt roads,Daylight,Normal,Vehicle with vehicle collision,Getting off,Not a Pedestrian,Changing lane to the right,Slight Injury
31-50,Male,Elementary school,Employee,1-2yr,Two-way (divided with broken lines road marking),No junction,Asphalt roads,Daylight,Normal,Collision with roadside objects,Overtaking,Not a Pedestrian,No distancing,Slight Injury
Over 51,Female,High school,Employee,No Licence,Two-way (divided with broken lines road marking),No junction,Asphalt roads,Daylight,Normal,Vehicle with vehicle collision,Going straight,Not a Pedestrian,No distancing,Slight Injury
18-30,Male,Junior high school,Owner,5-10yr,Two-way (divided with broken lines road marking),Y Shape,Asphalt roads,Daylight,Other,Vehicle with vehicle collision,Going straight,Not a Pedestrian,Changing lane to the left,Slight Injury
Unknown,Female,Junior high school,Employee,2-5yr,Undivided Two way,No junction,Asphalt roads,Daylight,Unknown,Collision with roadside objects,Reversing,Not a Pedestrian,Changing lane to the right,Slight Injury
Over 51,Male,Junior high school,Employee,5-10yr,Two-way (divided with broken lines road marking),Crossing,Asphalt roads,Daylight,Normal,Vehicle with vehicle collision,Getting off,Not a Pedestrian,Driving under the influence of drugs,Slight Injury
Over 51,Male,Junior high school,Employee,2-5yr,Two-way (divided with broken lines road marking),Y Shape,Asphalt roads,Daylight,Normal,Vehicle with vehicle collision,Going straight,Not a Pedestrian,No priority to pedestrian,Serious Injury
Over 51,Male,Junior high school,Employee,Above 10yr,Two-way (divided with broken lines road marking),Y Shape,Asphalt roads,Daylight,Normal,Vehicle with vehicle collision,Reversing,Not a Pedestrian,No distancing,Serious Injury
18-30,Male,Junior high school,Owner,Above 10yr,Undivided Two way,Crossing,Asphalt roads,Daylight,Normal,Vehicle with vehicle collision,Going straight,Not a Pedestrian,No distancing,Slight Injury